gap,speed
27.437588994377155,31.698776
10.164680801853006,17.895295999999995
40.1221816005862,16.750879999999995
7.545714797364512,4.406511999999999
2.0142067875640803,2.128756
7.710906405357146,22.016448
4.182294436927855,13.183859999999996
14.44389223688454,18.879316
2.0610396154792348,2.43412
39.37133160797484,16.059048
5.707365237195431,21.395475999999995
5.434554175327534,17.461391999999996
4.942902221330384,22.31856
6.215744851564922,20.529196
0.926643704443146,1.911404
11.566393152937916,20.572508
11.695683351438372,17.398195999999995
6.763287978095156,17.162187999999993
15.68508329510052,15.956839999999993
10.802711410664228,18.861788
8.507724429783867,19.003692
3.8896737131994463,2.3101479999999994
6.977550554863311,16.435824
17.877928108768497,29.619992
21.74274128206836,25.703199999999995
6.506606350827084,6.838475999999998
5.195928006915561,21.748936
2.665312368859923,1.2104639999999998
8.003268493814485,17.72814
1.6772663018472498,0.6582999999999999
3.376095549529228,16.651296
1.9271627674494016,4.951192
28.38399185296059,28.180776
3.114514405512466,0.6987
6.078126684164889,5.937083999999999
2.4533392078048912,3.710104
9.383829345944712,17.168363999999997
4.205981855039434,9.136127999999998
3.2719952929900407,16.327223999999998
9.666431665115658,19.154068
4.006012023382695,11.350464
15.710688427056272,16.146071999999997
2.3131874673914314,7.811219999999998
10.622719117203255,19.480719999999994
5.479394006789982,17.500667999999997
2.514003828649307,9.050824
2.6415162748567047,0.921324
11.65696733984051,24.004328
5.69899074252998,12.431195999999996
4.239490089237718,3.805632
28.75149552457288,27.045847999999992
0.8315096839879752,1.885216
3.193697318737025,1.1500119999999998
3.319007940958218,1.238776
8.614321485248485,19.17064
5.976239728749277,15.442247999999998
15.967493035873815,16.056948
4.883687313488677,10.757739999999998
5.647354923601554,17.528831999999998
6.2615275548952845,10.47946
20.69142862713653,27.55362
17.108268363831534,28.2059
20.219913348854444,31.306875999999995
4.010968074712052,9.856291999999998
3.5138576256206644,2.14846
2.1581062704028406,3.188067999999999
14.716519128538913,18.504304
4.680749587096103,16.554259999999996
6.100539634309568,16.832283999999994
3.647724830546117,5.076819999999999
2.684807520274079,2.727712
11.48465172533951,24.37724
8.849227701136671,27.953555999999995
19.32616319064897,25.552916
9.820806032964397,24.756756
3.9187178097592232,2.4449
6.207959170642637,20.121068
11.656468209025704,23.936764
17.351305988771855,23.271808
0.1750652868472944,1.979348
5.334985846839297,17.588928000000003
3.077836577446957,0.6317599999999999
5.666455175797328,22.274304
3.567110190181795,6.099447999999999
5.040867721396036,5.038255999999999
1.195907869831187,1.05862
7.399565322153722,20.172316
4.75894283126771,6.170684
5.747930815719816,22.29874
8.398760243830505,18.688915999999995
2.512843425302729,10.03232
7.086741238389025,11.823687999999995
0.8254176805703421,0.98966
17.371047292202547,22.563348
11.5720272256222,24.285688
28.514034593967335,22.316896
5.824798433258687,10.912952
5.294679273708443,10.318679999999995
6.550134355411329,17.958559999999995
2.2934664603614427,6.215512
14.815902150616395,17.699191999999996
20.79751215672129,15.793587999999998
9.25769430810344,16.896895999999998
8.031691368278803,22.35296
9.285287178567492,19.89554
11.087290193642303,16.661623999999996
7.267983905322771,8.611184
8.582793790300634,22.759532
5.242056878577118,13.763779999999995
8.054903011792238,18.677776
12.412937746087504,30.83271199999999
10.528607669545767,17.713932
4.879995513746131,22.586172
2.5065519447945777,5.328803999999999
7.042750593202434,4.694152
11.523422554637952,17.762987999999996
3.90529698675538,7.679723999999998
8.183457000997457,16.044092
1.458266296837837,1.5191359999999996
8.0893128103071,16.574455999999994
19.84115146501415,21.591016
2.868553693946509,1.3424159999999996
15.196641948452749,24.472672
3.7162262383258096,10.484263999999998
2.579740715008879,2.324048
4.790575834886628,22.655164000000003
7.738718110200936,29.022924
1.8422004257257976,4.163531999999999
7.726603073750678,29.049868
7.7453365083736285,10.105339999999996
5.4249053745241005,17.622175999999996
7.50894290954237,10.342579999999998
4.5226102864480655,17.638672
12.093196292434598,26.345144
0.2449708172114597,6.309203999999999
3.4220819387089323,0.9868079999999996
6.0784847766022185,5.935936
7.257767851048339,19.168216
11.571905046403552,24.357012
1.5000918522442357,1.94134
11.28832226302445,16.032447999999995
5.351049972411586,18.833776
3.7553131841798857,11.369691999999995
4.854708105314506,6.199159999999998
8.616897581208136,21.741592
4.891571525273191,15.799259999999997
17.2828838067773,17.329924
16.009447351398215,22.629124
1.3239755351953522,9.545659999999998
13.333342506094414,23.545055999999995
10.067733959751806,11.988196000000002
11.072981955895491,18.636968
2.9123533593970867,1.174528
13.419937499313797,23.780819999999995
3.542711607706564,10.453948
9.027698262931214,27.767844
8.269359633158466,17.735532
12.389386184516717,17.33448
5.023270230525802,20.632812
1.32555972967255,10.052103999999998
4.095320285535057,12.948476
6.789770499055467,8.401075999999998
1.5155513742785471,2.58018
11.058369574845198,16.75688
8.321876622396163,16.73164
13.3338272622302,23.740844
7.634399020887528,6.169259999999999
11.571166946293914,24.14194
0.8927494419087632,0.4459719999999998
7.572262039730845,16.523128
1.701735556021459,2.244228
1.9488826660794367,0.4830439999999999
2.592911065092172,4.944435999999999
28.51430524720605,22.295784
8.21372184427089,9.038524
6.0635356690157325,15.479608
3.0969602317752694,0.1734279999999999
3.877500119082016,0.665712
10.078883274985197,24.420688
6.079698859345783,5.937107999999999
13.854463262804355,15.158435999999998
2.378322216537144,6.433623999999998
3.542255531858321,6.461475999999999
1.1040415155672685,6.246236000000001
14.196692008870697,26.77638799999999
7.353190410213388,3.149495999999999
2.0337683858875977,0.926948
1.243472280978433,12.542804
9.216184296445691,16.972411999999995
4.465943847610309,17.605932
4.0093147608172215,6.952143999999998
3.8336227663652256,5.090923999999999
0.8000701369682472,0.3901639999999999
8.198469164424974,17.298616
2.6475669841939444,3.139496
2.097366136482994,5.180952
7.627945513820054,8.103591999999999
1.214508576080366,0.8765799999999999
4.698400856137353,18.347748
9.357327904338767,28.13774
14.519891139209328,21.783908
9.429051491011991,19.466312
13.131242424451582,19.382508
4.102871514733319,3.63996
1.4799511507460688,0.634176
6.731587272142432,15.285647999999997
9.513726952712885,19.392436
15.960696826249386,29.241299999999995
0.7967518678645638,8.906003999999998
1.1564701214065751,11.925819999999998
4.256359894006202,12.054587999999995
2.1804239180131635,5.733751999999998
3.061511964950668,14.046879999999996
5.888076511596137,14.787667999999996
3.522739839958475,2.656244
4.550464141873973,7.269539999999999
1.6877879781348977,1.2937879999999995
8.021490274073594,20.1601
8.060451207284785,17.746716
3.656214755434397,4.34758
10.817596978414777,14.908727999999996
15.534256511724514,16.560035999999997
3.4938507314914955,6.833251999999999
2.636671672655037,3.438652
6.585468159014742,6.860572
7.179415813984744,19.094179999999994
17.201968878509405,17.533411999999995
3.410164502178209,25.232724
6.674911846179926,20.659904
3.196284942181641,11.808088
11.571900753340014,24.255659999999995
16.619758942877187,18.0652
4.088398501857792,1.5784439999999995
25.32970933914942,24.125775999999995
8.289858465193774,23.089988
5.385923505966053,17.869719999999997
9.128856951661106,23.786359999999995
4.8490242521059335,11.641867999999995
6.495287393043685,9.816672
2.32673460900814,2.089644
4.968493826875703,22.450596
2.82438277136991,3.3670599999999995
6.2985539518477225,20.694088
2.5019077290211804,18.76422
6.40725982908479,20.009116
6.172449246607055,7.332788
17.36447117726049,22.033491999999992
2.570047627121366,2.8278919999999994
3.1344698058860483,1.7671719999999995
3.1486951989069665,1.0118319999999998
5.119982326712636,5.013251999999999
0.9833596585353424,9.298107999999996
11.65284062084512,20.593624
2.6750758623466764,1.69504
17.370733079664085,17.224003999999997
1.065518738509554,1.0764
6.079989105126372,16.897307999999995
13.419533265408957,23.612372
5.9631294970172,16.825643999999997
20.14420808350686,25.61000399999999
20.526243017430165,13.807327999999996
1.6680977284309737,1.4430639999999997
1.1071468454602629,6.815423999999998
2.506680294870306,4.760672
0.5683449234315701,3.883856
2.6466914822962906,3.227416
4.797440191401235,15.897591999999998
12.82410000853405,21.235432
6.964778535490884,1.878748
12.874916333868873,25.08782
2.804809530646714,13.501179999999996
1.2492945303380965,24.444384
4.428932820739624,11.591972
8.198965479944262,17.300807999999996
5.687307549782563,4.862191999999999
1.5722144715157054,0.3193639999999999
4.128070366284074,8.394731999999998
14.340144411093275,18.747204
1.9115334505364985,1.3722359999999998
4.86233608043976,6.227991999999999
5.972446125550182,7.340035999999999
7.224900107786866,0.8530479999999998
3.9689009809676703,11.476283999999998
0.9652706820862178,9.260216
7.044299587991477,8.499351999999998
12.201201644060284,15.263963999999996
6.319756643531638,8.989624
14.341107149248272,18.694996
12.388506548602544,17.027735999999997
11.99897887414447,20.701392
6.304245113409241,9.761192
10.153233592448457,24.119008
1.7608627567308002,0.6536079999999999
4.636875963265947,7.4608919999999985
6.585265835209613,19.997456
9.373888279703754,19.560175999999995
2.537153344372858,5.069296
2.915766555167675,18.824188
8.611811108096141,21.78126
13.41990598315972,23.7786
1.6494078687660672,2.226128
9.339405252103225,25.468924
20.971844140694653,16.492744
28.297906436175666,28.238584
17.28314707834603,17.301064
7.573860811605201,23.16424
7.88231292329276,16.498715999999998
1.4807036737419337,0.736524
7.370209811450428,16.310875999999997
5.32273869882533,17.926987999999998
4.562526925515293,13.686936
6.45632482379664,11.424275999999995
7.997511925433558,20.114332
7.674834326908569,8.919568
5.505907362347706,8.49658
3.687494217812097,9.703675999999996
2.509822439105985,4.484603999999999
17.105752177891333,28.218608
28.7511779673942,27.031904
5.338219269277638,29.855784
6.803624765749101,15.507751999999996
7.004857987818957,18.97758
4.127564746635946,8.479592
4.206886560392905,9.634187999999998
3.690414569713089,3.101284
4.280379686390784,19.476776
4.244925188992631,7.474667999999999
17.798914635624314,15.773983999999995
7.243635446113565,8.689879999999999
2.4707260005815304,0.8338359999999999
12.113611806903728,21.306044
7.127975559895713,24.444644
2.506233538494677,2.026784
9.116771849087565,6.689747999999999
2.2404741403213384,2.651416
3.4894807860491897,6.655007999999999
8.845119077852159,23.784676
8.174988760541236,20.263616
9.311748979361528,19.849388
9.340605898181368,19.639864
5.005604758773464,17.275043999999998
7.9243170256163395,16.549195999999995
5.9549818958630505,9.643892
2.15836851004562,5.472812
1.6567465316191583,1.7115079999999996
1.538355811013358,0.8620479999999999
8.336646370844017,19.023508
20.88257696282764,27.429207999999992
7.322338042155812,20.018992
17.457899247842,22.148116
11.955514049801671,17.120815999999998
5.842404954636565,5.794408
4.837358289614114,15.064939999999996
0.7072759768873054,1.961676
7.722728549335844,19.056112
3.640109639091236,2.883964
1.964515108487301,22.774984
3.579962213861072,2.717624
17.657878438792487,13.647183999999996
6.590233721245953,20.057512
7.099299984808756,8.472984
27.492835515249077,29.94934
7.257897150010965,18.917144
13.485803387897532,20.942176
1.9263538988237008,4.327856
7.39470982735319,6.116956
8.4214252150524,18.704912
6.893013180096896,17.818891999999995
9.709914096625514,25.853352
7.632165321723885,6.173336
10.217024690307284,15.750359999999995
4.274295941145449,8.648268
26.370413933744704,31.162076
4.7446088880105854,7.955203999999997
7.594988401337004,10.339339999999998
6.285561335074807,20.056664
5.004574654297791,20.696708
9.165012970199935,15.288051999999997
4.261849569994548,8.660211999999998
0.5819527054941256,1.7580399999999994
9.800960151619014,25.89212
17.62869302136661,16.336564
11.587717907847336,20.581792
7.384624874876152,27.418308
13.419870884276898,23.522455999999995
6.636168226474233,1.830068
5.440379561698981,6.249187999999999
4.206760100501041,9.66116
3.773243123407074,9.112415999999998
2.769167960831401,2.655556
9.985052113707551,20.36954
8.530970338260659,21.685835999999995
13.959880836228145,19.41255599999999
11.016085242125175,22.766008
0.4177054753129248,1.027956
4.567535058023802,1.289056
5.0855065648017845,20.98356
20.777471868340815,27.523247999999995
7.724219657105138,10.178468
7.457430047012526,16.482963999999996
10.338250353091215,19.6932
8.341781627236912,16.722548
7.857278011428775,18.65904
6.758406359181759,8.334284
2.14084904832861,1.2451119999999998
9.90832040824521,25.157736
4.312684595785026,4.869995999999999
8.765222477750461,18.793403999999995
2.7990726464099227,1.4145559999999997
1.31221486747582,1.003264
9.05427029771278,14.295716
4.194958653265402,19.10406
12.26555957048824,26.402124
10.070998501602094,21.418356
16.511744545311473,18.063748
11.122191571741755,16.219383999999998
8.702270418724526,23.093972
11.015627713485111,22.755448
7.479597600798572,4.875996
2.0719346674174446,2.20218
15.607126402099045,22.83454
10.888764581890603,20.55822
25.931381403830983,24.230471999999995
2.719169293003078,13.282188
4.553031143321666,0.952176
7.091666905502425,14.35574
6.2979359382778,20.659852
11.571976270732538,24.349892
2.395059806590626,4.355711999999999
4.0916741836570285,3.685539999999999
4.127672422425777,0.577148
4.2934877815089,4.813971999999999
5.336589392853646,15.920832
3.756450710475523,2.554276
3.7571832537659713,2.858948
14.276450059173976,26.308831999999995
6.23307626499048,10.813299999999998
12.7902230514383,15.397471999999995
7.8929999548865135,6.032532
5.335388629151254,21.994964
2.6660259050140214,1.023736
8.495987335943829,22.727388
15.587853527668264,22.896804
9.229327618193953,21.2011
43.16273187217258,25.5115
10.756991553325664,17.896771999999995
3.4622168224901344,17.533856
7.603941472065725,17.312624
4.775011963058308,9.389148
2.288685996204156,6.661459999999998
9.33164485109519,19.650175999999995
9.109186525081778,21.042236000000003
0.903460584755333,0.987144
13.127642665580712,22.58366
7.975688601439263,4.527416
4.852074805387631,15.135536
3.647493428049774,1.4219839999999997
17.282756791520548,17.398384
0.6247231076562647,1.997948
9.236371066029612,6.695191999999998
5.313143494579398,17.9074
8.533667993119844,18.99218799999999
3.836361236402144,14.677307999999998
6.978341530237321,20.628896
4.085643726624164,1.618416
3.860685422349024,16.652492
8.176106252731685,20.281275999999995
10.558395894170197,26.40412
3.755668964221852,4.283551999999999
5.620543880587758,16.647156
7.042072141665879,6.961787999999999
0.8324391667257123,1.917988
4.277927417231076,17.78542
4.118107864858629,1.368316
5.955218953399962,5.693963999999999
2.418152926654976,10.283304
6.344487346694389,13.823815999999995
2.437838605398512,7.030739999999999
6.080098773503179,16.92512
8.63890200956406,21.59714
3.577994794441887,4.25024
10.974140404044316,20.622088
5.739012761350221,17.406112
10.339084694883578,22.513528
6.506007522266152,7.888943999999999
8.511802664094,23.618976
39.45751306479378,16.045215999999996
2.325470091428255,13.659987999999997
8.426231543744207,23.681112
3.558944444344392,1.3084399999999998
1.690028529596848,1.986148
0.7366807409988256,1.932976
9.43561035854182,18.983736
1.4033195067009574,1.1324919999999998
9.2587697085677,16.911551999999997
0.6132373854823507,1.0475759999999998
27.51321624047567,29.921287999999983
2.4155679349177195,18.95824
4.42802435645469,29.983031999999994
1.2442425043617271,12.504948
10.916853138522194,16.845551999999998
3.4943512063567512,1.6310719999999994
4.208219898393648,15.021095999999996
2.7040343374497064,13.081528
7.4754653775976925,20.006544
6.98432868164591,23.444064
0.9247247671223652,1.969248
5.788750536939538,17.611475999999996
5.056612052826086,6.403679999999999
2.938675175119333,16.971363999999998
4.443715749455179,8.344588
28.75088062874659,27.0136
0.7418783797784361,1.239072
9.870769045298829,19.930008
3.6154936038092367,24.763003999999995
7.284614069502782,17.876184
3.431278066996505,15.510231999999997
8.97273346788243,28.108284
5.996469319165406,16.893251999999997
0.7203986874122386,0.901636
9.013213149022622,22.215271999999995
1.4099713511064502,11.657583999999998
10.084492763568658,26.129724
7.761284181379621,8.92914
9.712201872437598,17.938407999999995
7.452889746912622,19.115508
0.7143462566778531,1.917232
14.372704696671454,16.603772
5.335570632077544,29.71808399999999
4.254916099517617,1.6242559999999997
6.89354804279937,20.626512
3.68728497014332,8.937572
8.926477517367154,22.222739999999995
8.56659610257351,22.789344
1.322829026738118,12.706251999999996
1.497746802423103,4.150707999999999
0.8349426716599382,8.511372
5.963174372893298,17.090987999999996
4.644471025793434,6.182875999999999
7.256617873848319,4.696092
4.178587975559268,3.3811559999999994
11.65662866751048,23.958572
2.1828662308131603,5.332684
13.419574497016615,23.642528
3.712900777809227,8.550624
0.912041176046654,0.9483879999999998
15.545827189084497,16.502872
4.626767992843033,11.062007999999995
4.563217995648602,13.566567999999997
6.3527154714534735,22.275696
6.215525281242149,20.369855999999995
5.109237060488068,21.445456
6.392742419192296,15.217039999999995
2.664377199692096,1.142972
4.540885611687559,30.059756
8.106791929180918,20.12348
1.4139025643461318,0.6382359999999998
4.437440102292152,19.911816
11.058703892187964,16.399983999999996
8.106966950242452,20.15852
2.505879523593846,4.649483999999999
2.513188812219699,9.696363999999996
17.282546095321848,17.382396
3.849204789808323,2.21294
6.060215660532744,7.119596
9.960871916484717,23.299064
2.5299823978494844,5.316275999999999
10.23264971961326,14.009867999999996
11.635394148064016,16.25046
16.245070737276244,20.135676
4.100352964960226,19.791984
11.140554861454852,18.448172
2.373067583837124,2.798984
8.951243583914966,15.42082
7.312299466770689,20.127164
2.4289028278576126,3.241291999999999
13.111269083084268,22.265799999999995
6.149229653673311,10.732347999999998
5.757327120261791,20.059192
9.638358335244597,21.70726
16.31607889195152,29.358456
3.326959995872851,0.5414999999999999
25.027997561573187,25.500167999999995
10.72959989518767,14.91192
3.4130148625271577,0.8572239999999999
4.215728371205579,8.645912000000001
2.551729186840993,0.7863839999999999
4.4661670518932,17.594563999999995
5.479649816554792,17.468491999999998
5.529626495567246,19.386116
2.686474035728364,2.94262
18.109974117738798,13.7056
7.656311673152386,17.751695999999995
12.553672917418194,29.649663999999994
5.612418698481375,6.091791999999999
4.080824625008464,4.31656
1.6584002206655866,1.832324
11.060183726342784,15.775987999999998
4.194699152107735,19.00124
2.9565628768224843,3.065936
0.8315373965387884,2.034532
2.501907239880939,19.299136
15.603010355498974,19.317912
5.706117876030899,21.524888
5.56228966092445,24.089876
7.098295412974784,8.508787999999997
0.6245475264289393,2.052412
2.514400162373464,8.648524
7.671449807534952,4.818927999999999
20.798267992935664,16.23418
1.1746063369317614,23.732696
12.147530271104271,15.760063999999998
5.397968585516184,9.680395999999998
3.3906287365693357,2.915923999999999
2.8400410863553365,19.319652
18.178264429439626,27.069644
8.105576749186309,15.576327999999997
6.444510875987533,16.591015999999996
7.924386161008671,17.496251999999995
3.7009557222339833,3.7109
2.82962762152119,0.9535999999999998
26.813070750005444,31.37485199999999
1.215468248284493,3.7803079999999993
5.698990244941557,12.90696
4.531789962393965,16.197983999999995
3.173213650153466,14.135416
7.724366128628176,5.951344
0.1767385673658914,0.6575639999999997
4.183433083056013,9.120116
9.36003483230687,19.602764
2.266601654165978,5.438983999999999
10.078579478483055,17.911963999999998
12.498388354351777,30.866132
1.3854919782085555,25.121624
8.28984480039797,23.17258
8.33557043235614,18.643996
4.990832718435792,15.875035999999998
7.502840201583769,0.6188879999999999
10.559886587822565,26.37094399999999
6.245018429583226,5.970335999999998
9.37125364994143,19.715032
7.165069940480693,17.169151999999997
7.39549118207916,6.110607999999999
3.062480363044932,13.954403999999998
17.371032447825566,17.200371999999998
7.745283785143502,10.094399999999998
8.03144271324049,18.7343
4.442411986643243,20.76818
26.636352620845937,31.305484
6.928915642457223,8.522939999999998
6.514805950499937,20.006647999999995
6.663488056271896,3.368732
21.314811005839427,21.813132
4.983226758317448,24.782736
7.658432246987802,19.877816
10.101845919163445,17.920795999999996
7.940067465728718,22.590304
10.057356929396605,19.50582
3.6018563722773083,0.4187359999999999
4.215924195011324,3.816296
3.4600588895433173,16.746983999999998
3.0369666621669458,3.132919999999999
2.413123730621404,6.621464
6.7472885171950665,3.43448
2.5587343042358435,0.7464079999999998
31.59529488842015,22.677284
2.7200476417909822,13.145103999999998
28.75060550348809,26.991152
8.203669798628237,15.999747999999997
4.173168741387664,10.961771999999998
7.352449014234182,8.786292
1.978655127626708,0.6518719999999999
8.30239793492212,16.060419999999997
3.4107685427689383,25.309464
6.207629284921717,20.119764
1.9254198711527928,1.4330759999999998
10.453435118343132,19.119844
9.734719706367777,24.847352
5.500323659384549,19.440412
12.04059008349703,16.094811999999994
5.956477862867375,5.672471999999999
6.077353435037148,5.940995999999998
9.233838937079671,16.192496
27.079915139281624,31.508992
5.611469448702277,18.042743999999995
0.846170346767412,1.017748
7.832283795415677,10.0434
3.172425666440878,1.6491079999999996
9.358218890634044,19.642616
10.983879308342338,28.29671199999999
3.0804896133165416,3.321056
7.126967761577128,19.816516
4.039297086407816,7.024271999999999
7.727236869726957,29.063068
25.02648168765002,20.121756
8.95269932937079,14.42416
1.7055941531523002,0.8571759999999998
9.72379978885354,21.706628
17.1778819749075,17.395491999999997
3.2845479751304785,1.60632
6.738940805545813,7.835919999999999
1.3217446467576162,11.804812
4.863699308985983,22.232668
5.368811667956792,18.191532
7.217370214495057,6.967195999999999
8.162501926166414,17.300252
8.0073737152238,16.595032
8.205759303127351,18.793924
4.890433736464007,24.810976
9.300429324171509,14.375123999999998
4.120497662081909,9.797987999999998
14.519805667601691,21.77628
6.3297224592780665,20.076092
3.755986244150865,4.225571999999999
7.456791328947855,16.514708
3.802831346086184,11.078855999999998
5.699325037798011,12.963976
16.13893202336988,16.206352
1.8772971090111144,2.277196
2.019146428597775,3.199864
1.330237506363826,12.632547999999998
3.711016217128873,12.714159999999998
4.916238984570567,8.793611999999998
8.780768342661162,16.216407999999998
2.675729783295374,8.588491999999999
7.310893313874413,6.458087999999999
5.540123225359107,1.7099439999999997
4.117843642564446,5.035779999999998
4.562726021826154,13.656951999999997
17.195954298061608,17.393392
5.496412531889575,24.143924
7.694302599626571,17.443255999999998
2.978244277588379,0.7566999999999999
6.085641470001169,10.478644
11.05969669951521,16.060063999999997
10.68751769329433,17.686607999999996
2.73638148313261,1.086704
39.37128906100731,16.062275999999997
4.207130445782588,9.57804
3.739302786669328,12.636323999999998
10.06759788983774,11.941579999999998
4.184085137468114,12.816115999999996
6.479612950536352,19.32712
18.807567446018016,25.4645
7.274615452697215,19.117796
15.645222272859767,18.97234
6.44750544692304,5.853187999999999
9.156201815508656,23.59995199999999
1.1043463489912062,4.766112
12.093398531371925,26.289932
10.69235926882488,19.443984
4.562908488539163,13.627084
1.3344032159661658,0.7948999999999998
5.708355348214609,22.868284
0.4343065622194864,1.0389759999999997
5.504829700522031,8.48504
4.945152814635647,22.135252
8.097735526952174,16.094867999999995
10.16185569052077,17.335627999999996
4.205005045191889,9.083016
13.33382129740183,23.755496
15.586383088502838,16.490447999999997
1.2341499781760126,7.056407999999999
15.316122890654391,16.552003999999997
10.973415451618786,16.703951999999997
6.0644836446499335,15.574804
1.729302922940395,0.74408
21.31475303968253,21.83644
3.887865675421828,2.7500599999999995
1.5933257432055692,0.9013599999999996
10.25289365777887,22.498408
17.196013219231766,17.362243999999997
18.178506658819558,27.014736
2.7516293597347268,1.0627079999999998
6.868775282240438,16.305604
4.79371984623406,15.001027999999998
5.440424863367184,6.177975999999998
3.747141823791309,5.126615999999999
5.894262723992124,6.013215999999998
9.041434282390954,23.517052
9.32834329655836,23.815432
3.870128765600408,2.520024
14.287089233011772,16.741543999999998
10.389900967149934,13.712007999999996
8.496132838305265,10.712679999999995
8.02122402185243,20.146588
3.556492927278833,4.986463999999999
7.61946182079988,10.284332
8.532425031310764,21.713276
7.94595657587041,16.120283999999998
3.093896913308217,7.513495999999999
7.808153369527292,6.007703999999998
4.317605586081433,3.80226
4.985031889130797,15.822188
2.563295759579576,3.0095119999999995
3.1976540057994933,2.76566
22.351788970929743,20.681519999999995
4.17271802516179,15.016507999999998
8.072572455633383,3.3448679999999995
1.2190928846418858,0.9246079999999998
4.716993555078611,22.303476
16.58065647268677,29.338912
7.342500933198906,6.41898
1.8570425791670295,0.6674239999999999
7.577022755693413,19.867408
1.3950172899666995,1.2325839999999997
8.128976615455233,22.240303999999995
2.738697968839271,1.1321599999999998
1.496399217199209,0.7981119999999999
11.058937373944682,16.818675999999996
3.570263187313357,4.582707999999999
2.8480192798099395,1.301796
1.390627744984938,1.3055399999999997
5.551874392727756,24.1164
10.339118759802489,19.175156
1.4130148898673949,9.94874
11.570340403211834,24.027816
2.143988359775352,0.9750759999999996
3.5667589856092183,6.072952
4.0112883539942965,9.880952
3.4584407159075417,25.005372
10.25221686475044,22.532172
2.732293561454396,0.6383839999999998
5.661113538069305,12.273504
17.796972160457813,15.685076
26.13984765696736,23.217611999999992
10.771874197987716,17.684896
2.764957626703029,0.9595399999999996
4.790908871490929,22.648108
3.903074570617491,1.81794
4.99372509208667,6.195847999999999
4.1635898922283205,20.785536
7.236911645777658,19.994979999999995
9.564618858242364,25.559079999999994
1.9308913448181932,1.4833719999999997
21.84836112547163,25.71151599999999
2.268535897467305,1.0468599999999997
14.75535283288297,21.933395999999995
4.450642916000661,8.736035999999999
4.6905060373232175,9.364556
5.433382848583645,17.452835999999998
16.092910786872853,21.899083999999995
10.642827798758908,14.905323999999997
5.336831995531897,3.345712
14.467475984356303,26.188023999999995
0.5249709913704883,7.333879999999999
26.63278553300738,22.456844
8.610948638793559,21.786103999999995
28.3186756617064,28.160011999999995
6.232537164970434,10.828223999999995
16.06582217308918,20.138712
7.473779135181886,6.144447999999999
8.048359052765983,10.083204
5.2415003895270695,17.636227999999996
6.14572749748681,10.798191999999998
27.792917136372857,31.817412
5.242782985125632,13.737899999999998
10.319019401140965,13.839487999999996
5.5637377073586265,17.650371999999997
4.006734392653264,6.959879999999999
8.032074345468018,16.121935999999998
12.905782479222417,15.323043999999996
26.42322227779622,22.521552
8.095999643887705,17.588835999999997
9.526836671317174,17.013447999999997
0.864982450983554,0.6666759999999999
11.03625281417548,16.460991999999997
7.944757523330814,22.318584
8.085177187303277,15.021299999999997
0.7045020379960139,7.172687999999999
10.801764558218368,18.869436
2.978903656795527,3.787051999999999
1.3385883240424268,24.791115999999995
6.601570837771562,16.308744
43.181253737480375,25.531607999999995
0.6273395995774065,0.4170079999999999
12.995362834660805,19.645008
6.153024135457867,15.589332
16.009588644825214,22.64628
8.926035180382488,22.180032
12.647883535766049,29.788104
12.364706465516049,18.929348
3.4619015669613376,10.45352
15.544043815651502,19.196691999999995
5.525304777305732,18.054852
6.171397113201316,10.480728
3.109374863161242,11.117855999999998
11.015226277226802,22.743336
14.903025319777347,28.122395999999995
9.820926005515329,24.800728
6.156481836235953,15.447139999999996
3.0899622474018624,7.482515999999999
4.815156290464692,11.473347999999998
8.079092699702997,15.522168
4.010941845545311,9.844607999999996
26.63429701471207,22.398132
5.888659410697167,15.239344
3.0624948259345244,14.165107999999996
1.1023745948699286,5.851192
2.984604273861473,4.399451999999999
8.249865146941122,18.640656
1.1067965913994398,6.752875999999998
7.826732184932347,17.584851999999994
6.568275868143024,18.120756
12.3305698049449,11.459063999999998
3.6478479721565344,6.080048
4.830016936403812,8.686203999999996
11.958289691346334,11.161616
1.8373832145345723,0.5559759999999999
11.566994198020328,16.197639999999996
17.974977284600282,29.042887999999994
0.8794599757423143,0.660184
5.023150462199653,20.73112
1.1484652169138476,6.562536
6.9064562942099625,14.516483999999998
14.425860189244936,18.808536
8.021849479794227,20.136779999999995
3.045807655943239,3.279488
4.749553219495023,15.073804
8.395241010696548,9.918863999999996
10.906272490215771,14.871291999999997
17.73251397909589,15.7552
3.676375206046552,4.801243999999999
2.3960002415499986,1.850348
5.295765860257187,10.362915999999998
3.165450630642461,18.416799999999995
1.6066181870026215,2.7107679999999994
2.5778730886295875,5.002672
2.7612401062377163,1.2748759999999997
3.3451425768135463,15.25074
8.16960981995162,4.510091999999999
1.618167205377076,1.3228399999999998
4.0590228980957095,3.846319999999999
5.498548696409401,18.628968
25.48323065315993,17.985735999999996
2.4971650771725136,6.768683999999999
1.2746918983268951,1.113132
16.224613837049095,16.266751999999997
6.32218498822151,9.737332
0.7024841502301351,0.7020799999999999
3.977312555901464,11.378656
8.421509593131034,18.744312
10.730451373881811,14.914115999999996
1.5161400737749098,1.1243799999999995
7.594984239904241,10.32448
7.0144188011245685,8.485091999999998
28.25485960235403,27.750224
8.851178273716535,18.659355999999995
6.3497088406225,22.316948
7.73529333449512,18.684183999999995
3.7029973185813607,0.540944
8.147785122040327,16.236067999999996
24.879956731926452,25.352367999999995
0.6278849964619155,0.5055639999999999
14.091894418771478,18.32382
10.837090068480698,18.852696
28.34060305436002,27.940539999999995
2.923963650154839,19.449639999999995
0.5237234769087111,0.90716
3.3914220433965103,6.3171
3.6532766928769753,18.694756
3.493742496592729,25.510747999999992
3.5557788974698754,17.081564
4.787114903535724,14.93058
3.6727760461463257,6.829947999999998
0.2491500493363521,5.648499999999999
10.962965499768856,28.239356
17.891494705214395,29.34776
8.1626289306868,17.299576
10.253468482793028,19.23228
3.4418000514283267,1.5410039999999998
6.07176319302033,13.296804
4.2402392519481324,17.384131999999994
6.919814819904015,17.793471999999998
2.512946754736197,9.919752
13.41942849869165,23.138156
4.907845283071229,6.286979999999998
3.1049152581505526,13.890351999999998
6.816954805609012,15.015727999999998
7.794517562940699,6.177135999999999
4.173205028350588,12.214703999999998
12.179125317689987,26.404984
10.128816050199498,14.062091999999998
1.85102174556212,0.5918199999999999
2.5670421755393478,0.7197279999999998
3.719580290802309,2.7057959999999994
8.39208134936106,28.666412
14.991124082893805,28.22906
0.8218541311848071,1.8792
9.594382963900252,19.08828
9.922777957382314,18.262936
2.837580267101196,0.3297119999999999
5.091013397641068,21.6667
3.381464453538283,2.91034
4.252832498152535,3.431792
3.860122256517772,16.688499999999998
17.984416431761726,29.75258399999999
3.797960201554434,8.385459999999998
5.475661094939261,18.166972
6.655694572251032,18.105276
3.687292351611133,8.917744
2.2274277367460096,7.620555999999997
4.604231834122727,11.575935999999995
11.036606726263392,16.565651999999996
1.7599133577307002,1.1754559999999998
8.81752047449458,18.789207999999995
5.958427546371969,20.007224
7.225911303607026,6.541983999999999
3.579901018171964,2.750031999999999
5.475646229906853,18.18896
12.050164187424755,21.461407999999995
8.5935298420086,18.924716
3.0442100619003405,3.862488
3.611927110187887,3.525895999999999
8.033002086274259,17.541459999999997
19.373732978305828,24.872171999999992
10.973081800200948,16.832672
2.5252264502121458,18.523848
10.338104036088271,22.595004
38.85224056730721,15.905963999999996
4.45706497499771,30.026724
10.085273785022087,19.467972
0.933697325057718,0.552804
2.707584539105608,5.047695999999999
8.919398611884107,27.352488
11.572028866506097,24.34182
0.5908681288133115,6.587955999999999
8.128805230111805,13.307351999999996
7.115197366218279,13.548635999999998
6.162665071719584,5.948175999999999
2.3949903785753763,4.180467999999999
4.178305670545017,3.380568
0.5612333667866896,3.535616
26.91449196547675,17.594603999999997
5.748375151223757,22.308032
8.254533659626258,7.3713039999999985
5.713440617946941,24.28014
7.474625431921104,20.064964
8.971136773140925,32.351312
6.641224288320996,18.111752
7.311144889140754,6.440711999999998
2.299688148099404,4.04372
1.2419771297107065,24.568231999999995
3.861596838108624,16.572091999999998
8.198553583237489,17.30108
1.683924777405955,2.080856
39.60811992543845,15.971063999999997
4.362935539605195,8.7097
5.995363608957464,16.866827999999995
10.843932608562444,17.722167999999996
12.675197289717412,21.0639
2.89610401652892,4.360971999999999
8.205367611657003,9.892116
5.557954662723037,19.426016
3.347246404997158,1.075308
3.0427458300847983,3.656428
14.110672661774911,26.739304000000004
5.4541022291372245,1.6082159999999996
3.343626615436073,2.3263519999999995
11.138217363050414,23.773564
7.188511900974258,17.921011999999994
6.587829475365847,15.939404
6.779105966211438,15.069143999999998
8.704531427015484,18.902315999999995
0.8112000499655156,1.3359439999999996
8.69603334806775,16.22128
8.938835397894739,27.828132
12.388648936807606,17.061932
11.609408362187272,17.471839999999997
1.7344602679827794,1.676312
3.3230640678311145,8.301771999999998
8.958927112935944,23.77976
3.265774008018308,7.61228
9.05717016872863,32.285796
9.63610191861412,25.931699999999992
1.8603741167277037,0.8595959999999998
15.19681517668321,24.46490799999999
5.6708765569088255,12.687195999999998
12.878665321275792,15.175415999999997
6.430071217105343,20.002199999999995
6.373335622504067,11.438864
4.989388385635111,15.859664
11.056631684232094,18.584016
12.161019573045715,26.381456
7.7135114022099165,8.617235999999998
4.9720213109244025,0.4711399999999999
4.190643437968787,15.870003999999998
2.730255666754111,0.8436999999999999
11.958391371188888,11.162539999999998
6.544326925512441,6.422947999999998
7.627085412497124,19.879824
5.199619374955582,9.619775999999998
5.93027752289577,5.657803999999999
13.107475352193491,16.879307999999998
6.471031629209588,11.477339999999996
4.135901982288465,9.047088
7.127987528075292,24.322688
14.841653803847292,21.927136
1.1598372242637374,24.032124
8.009717461582678,17.651975999999998
5.350240837881449,10.3587
3.6246940271990455,17.696467999999996
8.039176911575892,13.206404
5.3365046147175486,15.907423999999995
5.732374048758107,17.471919999999997
8.74269887592229,20.869484
5.146263330060344,17.68088
17.198008749269125,17.422031999999998
7.363603887567566,19.125248
3.734799751022948,17.115399999999998
4.449497464340479,6.821408
13.41947839047346,23.185048
15.58790285723938,22.867068
9.453515490021246,19.914244
2.597910424965236,10.145291999999998
1.3718013385663417,0.804064
7.899252367223689,17.149523999999996
9.213904963605518,23.797952
10.492290256413728,13.643343999999995
1.6003697467099007,2.5638839999999994
7.508936253087631,10.35226
3.132145749449914,11.075035999999995
18.19557583335,26.852423999999992
6.891816237667899,16.394191999999997
3.3858508377553638,3.5901759999999987
3.878886208473213,19.200968
7.096555207734023,19.037476
19.07359370550217,19.790824
0.892909299015253,0.968464
8.526781159982042,21.759656
13.333797837760825,23.651996
10.627253370421684,18.954699999999995
5.586653563277047,9.547252
2.4536644335733806,4.007359999999999
10.066824930344849,24.15462799999999
8.852073048399376,20.913056
8.852285813305276,20.622636
2.090348180828389,3.213939999999999
22.156686253975483,20.624872
1.696771498880942,1.4820399999999996
5.281705744364554,24.271268
4.920068181904735,15.794952
26.6558773861521,22.412143999999994
3.687819306392536,10.124336
7.401983571621054,16.474819999999998
21.20706724073791,21.848492
6.073272850443217,16.2413
8.03254497288058,22.28414
2.790444750020723,5.072632
6.443567715026396,16.639516
18.28247539560276,26.648564
5.35455640591941,6.290532
10.231309555190713,19.614412
14.44221938959,19.093964
5.109704446770899,18.617144
7.475985085342222,15.926987999999998
8.06412884501906,8.991348
7.225854838886113,6.534339999999999
4.936414395027814,22.181872
19.37480069571958,24.865563999999992
7.840338702502368,18.708179999999995
4.031803344431502,0.8970159999999998
15.196180861641048,24.521788
3.062622081089308,0.9288479999999998
9.48647966644262,16.573976
4.009057551538019,12.364859999999997
7.186557835101893,17.7643
5.526402968247339,6.15272
7.712416417795588,6.177555999999999
3.4680198113012937,15.825575999999998
9.651486463180516,25.623896
0.4277078573771602,5.911291999999999
4.643383227202598,6.292691999999999
2.588967958121822,10.289371999999997
17.610947302776292,16.249776
18.10988032771717,13.697204
5.327663388687415,15.978427999999996
2.3822386990045628,12.037271999999998
10.6050811920735,19.548724
1.099819040215971,8.684147999999999
11.867807264761131,16.374076000000002
6.781835182670959,17.220396
0.3503381696038836,5.842291999999999
9.992775636866526,19.487092
6.231424023118748,10.874727999999998
9.614317237535625,18.918112
3.409057263302727,25.0781
2.592948828519728,4.971828
6.484817969303618,19.409752
7.856596586668843,15.101131999999998
5.336869860471141,29.787787999999992
1.0814580210945517,0.523376
2.754519253720053,0.4326279999999999
18.196825340610776,13.717116
12.648812907407072,29.811223999999992
5.342003172919977,0.5382319999999999
3.798006865836377,8.803875999999997
4.267337432533031,17.744988
17.282704960535938,17.352915999999997
12.562390193841413,29.831071999999992
0.4749569506474103,3.769272
5.306812997116715,17.895795999999997
4.458182930959397,29.956936
8.113154240725411,22.357048
2.8910418466080685,18.845772
7.237419324605191,19.858464
3.934063479812414,2.8522559999999992
15.9274750979687,20.396356
4.566458181421302,11.573655999999998
2.159080481005774,3.182003999999999
2.503138758241548,10.275475999999998
1.4045898035104551,1.2410799999999995
8.1982182323812,17.167764
7.471680291826136,19.963156
1.661440208489524,1.025356
3.1852289408686465,16.237175999999998
5.279933787491559,24.327412
7.891186015399867,17.738751999999998
12.73800159613645,21.182452
5.46924959091401,24.126192
6.825044057758734,9.219492
3.7982801175999903,8.983847999999998
2.4939759088565383,5.196363999999999
9.775675153567564,20.154108
1.339294732265203,1.1125959999999997
12.565867124133735,21.050448
15.630502424389976,16.462827999999995
4.058111473404891,7.479375999999998
4.463042581226547,20.095172
5.738852329155056,10.563483999999995
1.4753609217155723,1.266672
3.9998433942401954,8.044728
12.050962017688867,15.153623999999995
9.985271421858856,21.4285
10.232002243094078,19.656284
14.507232034760545,19.338044
0.6965252154779735,1.042956
3.661586818683897,17.998951999999996
15.960641749306845,29.28306
8.130682916277804,13.358079999999998
12.050771229407877,17.579675999999996
5.756338720960818,5.893231999999999
3.102441258298813,13.984531999999998
5.082705409151848,24.645872
7.311235172832028,6.435287999999999
0.9786876639722286,9.294648
3.4971694646893488,16.633328
3.0865527568720497,18.37628
26.248912554753957,22.54162
7.889154295665533,6.065887999999998
5.246503520730082,17.940603999999997
20.77570520363532,16.040455999999995
5.481976635187123,24.080572
2.158325880203793,3.178124
2.661378466267536,3.265452
16.00798219163088,15.648371999999997
8.463696067638026,9.95188
6.042498820017449,9.677839999999998
3.773252877191183,9.075003999999998
5.972285465226134,7.403831999999999
5.023088716244986,20.804564
2.9025601451624663,5.190995999999999
2.279803673899872,4.537663999999999
9.5972947966036,22.514488
6.50281916992806,19.456156
9.12875916521179,23.779956
1.2354200864135647,0.214324
11.338283605162855,19.828812
7.591194170449665,28.96414
8.326482201995958,22.742008
7.014356066833017,8.479271999999998
3.887748891477557,0.960248
9.299731505797718,17.054031999999996
1.2464254818466554,3.348252
11.06720478978077,16.340704
5.222915272904491,30.112616
3.566159714641961,4.19068
15.569805440303904,23.022188
5.303360336186496,24.358048
6.893198505421736,17.74139999999999
5.34902203779115,10.340036
17.280054650986116,28.30859599999999
11.86784061481265,16.516744
8.507945894476467,10.650156
14.006287463621272,18.316172
18.177989894030965,27.124624
3.412090120975207,25.450303999999992
4.5633377796229,13.535312
4.09249161871819,6.981827999999999
2.891984116525779,19.143832
7.633286222631701,6.171463999999999
10.625846447066792,18.996051999999995
0.9872409770936644,5.67508
7.604269439108385,17.338343999999996
2.748106245109632,0.947812
1.2027314726726095,1.150784
16.007288386984303,15.585408
5.496320167056031,3.3691279999999995
3.379688146466308,1.4947999999999997
2.393386061413066,1.927
7.945379759874831,22.178348
16.00923882334029,22.595296
8.022849741418485,20.019948
4.091037830997847,8.221767999999999
7.562334989827978,15.98802
4.853657880127708,12.670383999999997
7.713465992106816,6.176991999999999
20.317440063996617,25.622532
3.3236533730585585,8.260091999999998
5.988383295259213,16.28138
6.378314268932215,16.015959999999996
7.893768509672409,17.66004
17.084588056646528,21.984696
5.794397010924362,21.46288
20.21984404417328,31.310144
15.236157689755371,17.824519999999996
4.88831127158079,24.83548
9.536031631802654,19.12138
8.97281346175314,27.870584
10.338871346326584,19.203552
6.242573083209692,15.518844
9.487428183957192,14.358259999999996
6.612607213982368,16.320731999999996
1.3283924656966477,11.685763999999995
17.458080773061102,22.068756
1.5971079535149624,2.019752
3.471842786036378,15.891208
8.492780955705756,24.465372
3.0338547533133413,0.8836879999999998
8.198719134217393,17.303587999999998
0.3372942394432021,0.9285599999999996
17.791929356471012,29.637764
2.8907414431850675,18.93122
2.621674497844917,6.936799999999999
1.0183998892094612,5.757707999999999
7.571994062697023,16.505339999999997
2.9133609224714583,1.1429519999999995
6.339627875581671,7.489832
4.366332643307932,17.824848
0.4390806672620018,0.800504
3.836799381111957,14.726395999999998
0.7356542185018409,1.089012
1.9927073777751216,0.666752
2.395001639595668,4.042268
9.0773107405635,25.302828
2.5138704882737057,9.155124
2.2814431536120328,4.598675999999999
2.502420287964992,2.168128
2.051909706590993,0.98836
4.708483604827303,16.592219999999998
20.97188370100068,16.514351999999995
3.799214898845631,9.627452
9.296840652275112,18.466904
8.9632666812508,20.585136
3.118414444619594,18.543959999999995
5.963145378659767,16.911663999999995
2.4200651498701795,4.556947999999999
9.398634627335667,16.629643999999995
4.049943536583314,11.454616
3.6875463269118103,9.783008
5.375685649331395,10.364152
9.821562802059962,25.00208
8.428088782886398,4.430851999999998
13.12763621428014,22.548915999999995
13.333489548410112,23.320571999999995
11.954167159228533,16.163839999999997
5.413398248516714,17.917839999999995
4.40851372496036,17.509508
3.451797933482068,10.577267999999997
1.0616951824787186,0.9921599999999998
4.204587223043277,4.60286
14.197293608910652,26.725708
8.926732645586132,22.255904
16.666401902581548,20.360372
3.5609309634483024,6.061056000000001
11.590041382766454,17.690808
4.709947155460459,22.29232
7.961557603731711,16.234411999999995
7.794932603842884,5.98068
9.960132008794377,21.451107999999994
1.7642787890105494,5.347651999999998
17.41925281135956,23.256575999999995
15.67436952415752,22.989719999999995
39.263424951396985,16.063059999999997
8.251817198650365,18.926344
2.097869087579258,5.245807999999999
12.32000161664402,15.509527999999998
7.510905144358936,6.139555999999999
7.098555421878611,8.494155999999998
3.3754918906434304,16.718339999999998
10.182991593299144,21.30440799999999
1.792578143111962,2.436172
5.524494946681974,18.634188
4.248865879067989,20.904284
2.472986257268793,2.35672
0.1662057391335176,0.6592039999999999
3.212742344998209,16.477635999999997
2.0117351081787653,5.004787999999999
3.205638175098003,14.114379999999995
2.0733216857236103,1.4122039999999998
2.8249869799812,3.298932
3.7362919817779625,0.9481
4.06750751885232,8.505779999999998
8.02017979755782,21.154156
9.906835319692956,24.640848
2.8256712420378287,2.557456
6.0798836637810085,16.8663
13.41973708280401,23.4055
8.566275384990202,22.864652
10.69395244276434,16.866547999999998
4.940879086738834,11.447623999999998
9.51219444108777,19.418204
3.730554587530549,0.7822279999999999
5.963159974536927,17.000191999999995
3.6213797597717834,21.275952
2.2407407761376827,4.592387999999999
1.1022088317508691,5.803135999999999
3.91692522592968,5.322576
5.416492302628383,29.57337999999999
2.1588089704399094,3.1502
6.597693240889607,8.946323999999997
5.109206150568812,21.310399999999994
7.183083975195875,8.550947999999998
13.419341299597534,23.042224
5.023040568719497,20.882763999999995
20.21171801500602,25.61630399999999
2.532786155618326,4.983692
5.458021849470308,19.212288
8.10937733646701,19.895427999999995
22.17014154720445,22.391904
15.235650320167162,17.861023999999997
8.251481774481196,18.982896
8.023771365927,19.921244
2.5928624670931795,4.928951999999999
5.974023833279714,16.510332
7.2258392851728015,6.49062
8.363331001631238,19.034468
8.336499531066439,19.030932
2.0557201236454734,1.1848719999999997
8.972938571937274,27.544452
4.066985571290919,8.643779999999998
3.7427763160143614,13.183335999999995
3.6715369223591976,4.764484
10.252064094927755,22.544148
12.040573647392254,15.958563999999996
7.726524049772413,10.063176
15.431148023192891,28.826788
3.910281924274216,19.010908
1.2447826395919437,12.368575999999996
1.2826860787208898,25.05446
8.54035528837203,21.660647999999995
7.172020483593279,18.879332
7.474602315727147,20.93634
19.821580130828885,22.31982
2.453707112573186,4.162811999999999
1.329094457684592,11.744323999999995
2.374738971695792,2.624848
7.138755602255843,17.15592
10.16503670407016,24.366299999999995
12.546478259228737,29.761712
11.393653446667852,21.203788
10.716226768196128,18.879068
8.363426671223488,19.032136
14.51972859488126,21.745812
2.5007268244291696,5.277171999999999
6.054176473144421,7.189575999999999
5.40786863701177,3.3652640000000003
1.2346191722434297,24.68402
3.837929859574013,5.120159999999999
5.63972557848365,23.912308
5.706971154999412,21.429824
8.031936145328256,22.335791999999994
2.9370119519335334,3.391128
8.23803370069467,17.255532
20.86169280928995,27.396832
4.079807304582486,8.549843999999998
0.4280780921802227,6.519887999999999
3.183339996594132,0.365772
1.533429163776364,2.007484
1.1964223890875214,3.902627999999999
17.590851636930186,15.028055999999998
13.776909863982524,15.23418
26.398141843801675,22.537572
10.324975144147023,18.470904
8.299392494448416,17.046003999999996
9.689209197812756,18.812896
5.980557978962688,5.983923999999999
1.7653404563959958,5.623435999999999
4.2075328895335,9.373463999999998
6.891818645020372,16.36828
2.498186016142524,2.82534
7.185679424329157,19.097096
21.802855522623783,22.801403999999994
2.315299041891378,11.919699999999995
7.735507413157599,18.70042
8.527825317943837,21.75084
11.572064841850452,24.299067999999995
6.961824538386751,17.358696
11.959146488706812,11.181283999999996
7.462442373950176,20.971936
5.049979094502093,17.683555999999996
15.611458905289048,16.270072
4.170219985526588,1.655592
6.363016865822699,11.412492
8.640609421315677,21.561944
7.827541819532717,17.440095999999997
20.79845075212158,16.272028
5.23745634193837,17.669807999999996
8.08628215298912,20.246384
4.0157696404829935,3.8488439999999993
1.5974725556808993,0.9779839999999996
21.20709329978997,21.826228
15.370613969442894,24.486984
7.963671095573873,15.07384
15.225391182307918,16.56676
7.810799970174756,5.966312
3.7206306260743256,11.498964
8.023147413961727,19.985076
0.4404139985983226,1.3807919999999998
11.95418999418353,16.303479999999997
2.387551476126184,0.8533839999999999
7.544806577538035,4.471227999999999
3.778290429669544,1.7565679999999997
4.003023430860342,11.405551999999998
2.695677061110381,4.110192
3.3735869143244672,10.547964
17.57110689897622,13.63376
10.540437368609153,19.018688
4.148292687120297,7.045604
11.89404487261132,11.333431999999998
10.040318247051625,19.289272
7.606996129345285,3.234036
7.398787836039312,19.991304
3.581754669587551,17.817591999999998
1.8498725893103307,1.841976
9.629743209689767,16.245907999999996
6.881937466660011,17.149196
4.60672476561973,11.577172
5.332390006173842,6.280571999999999
5.619187508983168,17.196467999999996
6.608630364456165,16.285075999999997
7.5875310673650525,28.969828
3.471759303742333,15.490915999999997
5.403299272160785,17.387971999999998
26.632532428672288,22.470863999999995
13.496128641802263,23.32418
12.975285026525052,16.179444
5.619163831580316,17.241256
17.805270178624756,29.65431999999999
1.5913931000367638,2.9220759999999992
10.101797383947687,17.904635999999996
3.812675762046527,1.5267119999999998
7.560442587927528,17.839271999999994
3.872105212643943,2.314128
5.110832313825823,17.344219999999996
3.5836817139986508,4.632475999999999
5.402544728352711,24.18082
44.21395549040007,30.209012
4.178859693298852,13.071187999999996
4.563484317842434,13.359003999999995
2.479698003741266,9.818531999999998
6.215681172195127,20.480979999999995
3.465787124670761,17.625479999999996
10.358718759539418,24.311572
3.712565410143005,21.281536
7.784437039276655,17.532367999999998
6.080020979707439,5.941291999999999
1.6021934464572158,4.270051999999999
0.8000336377294639,1.629796
22.28191002232762,25.735479999999995
26.422191577523456,22.563184
4.483277581451619,6.71216
4.178495620395771,3.374868
7.631940250908126,18.5854
12.584080037670455,30.83184
18.02307252731288,13.691256
10.713557609324496,18.919284
9.285521585059652,19.803548
15.587752273144469,22.970203999999992
17.52480192186328,23.237796
0.4688167872115425,3.4780239999999987
7.343776440678486,19.135216
5.313184130369725,9.649392
3.080976847254723,18.454187999999995
6.152674125867724,15.592563999999996
5.670442593817852,22.354256
6.422253760290498,7.773167999999997
4.120396307013252,9.815376
2.6674315350058606,0.8359439999999998
6.257865134480985,10.482675999999998
10.60443832183159,19.63522399999999
7.796318866309164,6.177775999999999
12.320025028062462,15.570339999999996
4.794435630477953,15.842027999999996
14.123186406289747,19.301316
4.744508606343923,8.056956
14.420442923741549,19.386088
3.8914942610821424,9.010091999999998
5.50844724858702,19.4338
0.8944267937086146,2.107648
3.624220422718343,5.934588
3.4329448810900263,22.965648
3.55935837459028,4.086764
3.777352157819842,3.08184
23.257453633814286,28.8903
5.65996003067645,23.944488
15.583008774618332,16.514404
5.109286998928484,12.651519999999998
1.8138403238471383,2.575563999999999
6.255908376343227,7.436083999999998
15.60756214114062,28.992615999999995
3.8416212577896793,14.905871999999995
17.019397785238304,28.127099999999995
15.62502625629919,16.357596
5.368537633883884,19.055851999999994
3.7366347302396727,0.97456
4.406097393414749,11.648287999999996
20.995550181146665,16.505428
2.6688865061832043,0.4761279999999999
22.170389326928436,22.331119999999995
4.121005825924153,9.712187999999998
3.324927828988371,8.211287999999998
9.10925614730034,20.992716
15.302860643058846,20.499691999999992
6.693030283966411,10.56438
11.316398188375253,20.944883999999995
5.941328563137406,18.54252
5.888435542419784,15.10702
0.2641310391855045,5.798344
18.194116197146947,27.233528
7.995320796934587,17.277551999999996
3.956237514076767,7.066027999999998
4.324129468515217,17.442691999999997
4.574103328945679,7.175031999999999
4.035980458295512,7.863883999999998
6.640178669903017,18.1072
1.3728047276414097,2.32994
3.688325595551907,10.573668
4.024006320667864,6.955115999999999
3.28957643774888,8.173184
22.26601151968394,20.662852
1.1895885818738936,6.626251999999999
6.152029029091715,15.585551999999996
10.154265692984168,12.172832
4.996753968145215,21.100584
2.342059623581804,1.832988
9.63849913283398,21.707847999999995
6.001806301979543,10.479304
5.649119833492635,12.441271999999998
0.9076910042186146,0.4825719999999999
3.5584749982405013,17.070912
8.48380937146639,22.800332
5.934483747571818,16.5407
7.362067758849883,3.772168
6.618408106803563,14.898195999999997
1.863181248379619,1.5758119999999995
8.643518861789282,22.78382
19.41002000754088,24.879096
7.826856511179347,20.892456
4.887763588532209,15.904371999999997
2.67830239711808,1.0860839999999998
14.802181887364672,18.561348
7.310647255491753,6.483795999999998
15.622319613930324,16.336916
4.493760219738363,16.208599999999997
7.404389915995488,3.1766559999999995
5.004308168158225,20.767124
2.151472085908904,2.62498
12.419759424572582,15.341199999999995
3.10655572537284,18.037768
5.7367149024907,12.414883999999995
3.7979914213167305,8.513011999999998
4.944484699455199,9.437815999999998
17.62337803274323,22.09272
6.245211473869134,16.131379999999996
5.3016400830571015,17.198911999999996
7.97772726741816,17.712063999999994
1.0315799918469493,3.817487999999999
3.906014909836747,9.17034
9.650757359767942,25.493984
7.354599319819147,9.859595999999996
3.713075749182387,8.899664
7.553451131107547,6.160644
7.317581694915856,6.969179999999998
12.403754581225652,19.334831999999995
7.441000305366591,20.788464
12.155656864405769,19.012148
7.225817837980411,6.526779999999999
4.780469065179294,22.249064
2.888713657515598,0.8682319999999999
7.605357035100283,28.960652
8.963611781423893,20.630648
0.8083169500073453,0.879444
5.608493996158809,18.050139999999995
2.002324300154453,1.073376
4.54029783280431,16.202052
3.3253118089308336,8.198999999999998
3.378995424191433,1.0151879999999998
4.8863446421499965,15.794071999999996
1.1394073567195084,6.883231999999999
17.5246694042832,23.24516
15.517853298159284,19.299168
11.571717743149735,24.368644
11.781620345117126,16.880448
4.184484062469065,9.06156
8.55548182302719,22.797884
6.587012008100501,20.004287999999995
3.9111355134513417,2.1454159999999995
2.234719457713121,11.978756
4.088541319706698,1.3915639999999996
4.118220189573114,4.535151999999999
3.711157245794724,12.791944
1.974009877446238,0.8817999999999998
6.432682587132915,10.495979999999998
17.282784497207206,17.342143999999994
0.1750784861617678,1.5671519999999997
11.059994607072396,15.938168
5.698468239067017,24.31396
5.24369233827443,18.870904
5.664155236311091,22.264768
5.611903867441821,18.04372
4.4442493024273695,20.116564
13.895695928767369,18.306188
3.195801630414638,16.345492
6.824263721468904,9.254796
4.744704908593417,7.854412
2.311748028954157,12.008195999999996
3.500526637215136,6.158947999999999
12.213443627535106,15.632447999999998
2.1648964617287447,3.204148
5.981895144812286,18.693568
3.959391579021837,7.089999999999998
3.1786568445567536,16.450499999999998
6.242108340954127,15.538916
3.4608880800194592,16.666368
3.68727754712124,8.959495999999998
3.984867166716752,9.026007999999996
4.651823604303297,1.094996
7.568932502877942,13.25168
7.894153375603981,6.020388
3.909754303636758,5.621464
2.628289612405858,1.2208719999999995
6.647064530586452,16.315915999999994
3.901412936530471,17.47176
0.8883521947306612,1.851412
8.007361945597111,16.586479999999998
14.67006355505817,17.146183999999998
4.059599022777268,9.030515999999997
5.00471597692696,20.663936
3.545664493820628,1.1312879999999998
17.331971185601486,23.31204
4.880143248898343,22.53754
9.786365222318034,11.468543999999998
8.194321078797277,17.073315999999995
5.959555516981332,20.037072
7.60734719647265,3.2614119999999995
5.524204316270642,1.749636
6.768616612309538,6.925295999999999
9.29677010057343,18.480239999999995
7.127987530068907,24.383088
1.398690958562821,0.827552
3.4677320563553264,4.285912
8.363895333021443,18.996268
9.73500633558642,17.951103999999997
4.327773645804114,11.755871999999997
8.183710030584004,16.07826
6.843585596043864,8.503315999999998
7.34377514629576,19.100984
5.485022313711848,24.047167999999992
7.071524322390204,23.803224
4.589797321281529,4.572775999999999
9.141302581455523,21.205936
5.467630070925541,7.849256
14.422918362089725,19.047436
4.697280240837573,3.0394159999999992
3.797935787862889,8.288651999999999
4.195527679917656,19.299888
4.841480822068945,0.4558439999999999
2.341325592776561,0.8191039999999998
10.62652270049189,18.974688
15.67436234536245,23.006984
8.010102661898276,17.510531999999998
5.178656635479171,21.787696
8.579329561073607,20.795372
4.627182339940622,18.955943999999995
4.183637821910249,9.402212
3.971157967418893,2.836268
7.563354969635673,17.809744
2.484673741543082,1.5949879999999996
7.647854453535694,21.922328
15.31995495793068,16.550079999999998
0.890616653517176,1.968984
9.148461886486205,16.191439999999997
17.10786637995748,28.145523999999995
5.56748518245428,18.060776
7.352170689873917,8.840767999999997
11.08436957117012,14.764547999999998
15.479901991130156,14.424536
3.578409005639086,1.923984
6.534635239328558,5.904167999999999
3.197848502738511,16.358083999999998
5.212714230570059,0.840444
26.187625026233484,22.370184
8.012023915012797,16.12014
7.350697388012248,20.438308
7.874175135269233,17.599587999999997
3.860903213796064,16.636343999999998
16.911902570862843,21.964452
17.71129160821145,15.719147999999995
2.4977824537517783,6.852472
7.379570958067795,1.904192
1.521978842350718,2.513668
8.321713394659477,16.727775999999995
3.023901513810614,1.2045039999999996
0.9241915091224024,2.065364
3.6452646811586966,17.068463999999995
4.011235471621038,9.883548
3.970266918755556,1.2315719999999997
1.4752240598796045,1.0842879999999997
5.929800276105495,5.667083999999999
6.408762885363132,9.787523999999998
5.185921660897059,24.390332
4.861214190433476,6.16836
9.536092079626556,19.01704
4.996259503255742,20.854052
7.817249995855591,17.478347999999997
8.027592009334992,13.282171999999996
4.627977905588145,11.247004
14.4414795716128,19.239856
2.8056674849200443,13.246927999999995
0.7209093094999339,1.978048
8.866087394299132,14.431019999999997
9.32748529169606,19.65326
2.291865200005325,3.861228
8.341866310013158,4.451747999999999
5.183116456234235,24.459499999999995
7.44153652946374,10.363159999999995
14.69458606329658,17.229539999999997
7.398520468831317,16.804775999999997
7.267062960473627,8.73594
10.233433073309298,9.459143999999998
9.314353436261005,14.388879999999997
1.624872665421008,2.235612
17.28406204248775,17.411367999999996
6.546050539287838,6.439363999999999
8.925891838803235,22.164956
12.958236100975718,19.32208
6.212808781978589,5.418459999999999
25.236290892280543,24.92894
25.50153892899776,24.177236
14.780649068810815,17.310623999999997
15.536181287262924,19.070968
5.286392228102448,19.164116
3.2139354512109524,11.409119999999998
11.193236626758535,24.138212
5.428900501615428,19.406708
6.083695521319721,20.099228
8.530045605298074,21.732164
5.907269378372797,17.948308
9.285591654093396,19.758603999999995
2.9848091632718905,4.303179999999999
2.661807726389079,0.9107159999999996
10.967908543971864,18.697828
2.723817123225664,3.5805839999999995
5.748823768071824,22.317536
1.9982618418695772,4.526331999999999
15.351044526449268,16.548928
3.719449176296931,11.301011999999997
12.223053275300233,15.301436
6.181276931907204,20.097739999999995
2.5126728237246843,10.258552
7.5288748997480175,28.971236
4.349207901397305,20.57676
6.071783086450031,13.274975999999995
8.335567821130526,18.655287999999995
5.784674855918925,19.933976
7.746340181513356,10.165316
8.701968512869612,23.15248
6.960231260302779,18.346844
3.187513144303097,0.4915679999999999
5.595736608288089,12.656464
39.00317799164131,15.968255999999997
11.036459295777384,16.53364
8.951167445661007,15.389964
6.051672961313215,9.867075999999996
12.999860468524403,15.018687999999996
4.611566239009035,18.964559999999995
7.81288676543702,10.073344
7.9608922383250915,16.174347999999995
3.5349804507475144,25.647032
1.004021877703691,0.9020319999999996
3.9291083679035914,4.466335999999999
1.862206619302992,0.8632719999999998
8.742651872461993,20.8824
4.475629793113881,13.318419999999996
3.0585198411329566,7.409507999999999
6.984399283448733,23.476944
3.37989784869835,1.5460639999999997
0.9212647457444234,1.5455759999999998
17.196824939623014,17.405039999999996
8.164672893424134,15.642659999999996
5.066740369352436,13.647828
15.951382964696316,15.69192
0.4662131655806867,1.0486799999999998
20.7980982805165,16.195431999999997
17.282564924335773,17.376851999999992
3.9244362217316375,2.2806359999999994
6.421964451968085,7.831167999999998
6.415197380755412,13.708916
7.474160177549068,20.097216
22.47405672040325,25.742975999999995
5.609377380262854,1.761988
39.34977853929784,16.053347999999996
12.406288736642832,15.450087999999996
8.70173057959456,23.203264
5.70310264969419,17.367516000000002
0.3766799667806459,2.464516
11.155450698187853,16.516816
8.162526043888999,17.298683999999998
6.323687223394324,6.725087999999999
9.521516461516526,19.049996
2.1084739311882235,0.924832
8.203685791008667,16.022759999999998
0.9071176271284074,9.125876
9.73555873862925,25.116408
7.12712690100849,19.679587999999995
17.18686524291151,17.563339999999997
6.299348121624586,20.665347999999994
2.230267228426256,12.119455999999998
1.0324655689790454,3.696244
5.535506367363669,19.360764
14.68511791172153,22.390772
7.47800703474164,17.529823999999994
8.033231196593348,18.683156
6.583863201754706,19.984572
17.3702282845117,17.265947999999998
6.54341303876936,6.408411999999999
3.7287956629626207,1.6467079999999998
9.125704053747317,21.211579999999994
6.326994236438161,20.034256
6.514017414935076,20.001516
5.694504171093061,9.570555999999998
2.3918787226881024,4.073091999999999
6.681220709304805,6.897504
6.241660145399878,15.556407999999998
2.7613100562081057,1.110324
8.128598975424936,16.146307999999998
2.5792481217426566,5.021316
7.12261739154882,17.571075999999998
2.9765281117769358,14.228715999999997
8.527598800357561,20.218035999999994
9.308739896093044,16.885659999999994
2.245777942690051,5.518743999999999
1.1939253865424917,0.913744
1.064508185765873,0.678596
2.180578463369552,5.546539999999999
3.45621767326156,9.290235999999998
0.718220940255101,2.141144
4.091703486358983,3.772776
3.0751936951052343,4.775451999999999
7.561896436866776,17.825383999999996
2.5130653679731214,9.807719999999996
2.447667233956973,0.9370999999999998
7.664965202464347,28.997948
1.1653644746878309,5.411179999999999
2.190458654317637,1.1279
8.92628158149076,22.201716
1.4043179042163825,1.395012
7.481345622460573,6.969231999999998
0.7522456475793167,1.9206199999999995
5.368583228702383,8.444308
2.708657335525162,5.004731999999999
2.478266090772058,9.754523999999996
3.457732574991593,1.358984
8.079062873551752,15.608167999999996
43.52759593271769,25.584916
2.804851467124368,13.390731999999996
2.833939003904942,0.937784
5.647941667122585,17.498411999999995
12.584031008118144,30.867252
4.995350248811389,6.140696
2.4094904892970908,4.4154040000000006
7.363895520125531,19.1245
7.487194797182076,16.492116
19.073529055968965,19.782564
2.661419738024378,5.398104
4.464457618544952,0.8661599999999999
15.236017818775592,17.836447999999997
26.72260411558779,17.568132
15.650341425830392,14.432584
4.204373181746245,4.547403999999999
9.98156660363917,11.801291999999998
5.956667866934065,5.990595999999999
6.20709609761734,20.114396
20.97175975980453,16.476096
13.333445598267568,23.27636
20.32856461874137,13.822407999999998
6.505237043104895,20.004236
7.268953069248026,6.097216
20.885504125240768,16.456743999999997
6.646511058958533,19.060636
0.8293036943485763,1.984348
4.251793805359537,18.556287999999995
8.425876251127232,23.667576
15.587751109318594,23.047191999999995
9.313626009146528,14.368807999999994
4.889205965892421,15.792323999999995
2.5316206213285986,5.150788
0.9093789691039396,0.8162359999999999
17.88991286468731,29.257348
7.984874333386913,3.4221
18.7212821488674,25.431516
1.4069493305886531,12.684191999999998
8.215432595525854,22.124908
7.460040137794258,13.246291999999997
0.833340510838271,1.2481999999999998
8.486749346182869,23.77022
9.85351426722528,18.272572
1.328439729557397,1.708736
12.050113640044,21.390591999999994
3.182512255158444,16.364279999999997
7.949694431283767,17.503835999999996
4.464720373491591,17.534703999999998
28.514414961217945,22.27832
2.265809806632284,17.660092000000002
0.4527182461565058,2.035644
4.442821134912236,20.071064
5.522122515910962,17.203843999999997
9.311284554900382,16.929275999999998
10.23258331217068,13.955552
10.039380912885358,19.485752
0.9423646419177024,3.5964559999999994
5.757826777803401,10.347268
16.60478961515247,20.333212
11.39360546296464,20.547604
12.388355826032056,16.992848
4.2169024688208125,8.563323999999998
3.487518623086147,2.766256
28.3187167272307,28.20088
11.245031347556155,18.250784
4.514970222759192,3.157204
12.051581872527615,18.839264
6.1515377227394765,15.245932
13.419305855595796,22.993316
27.61518409955776,31.75892
3.5419698633000163,6.414539999999999
2.870529989006166,13.574728
6.454673846429548,7.339875999999998
5.158179944951588,3.968259999999999
2.349795468274367,0.571664
2.636487419012334,2.508836
5.4395051763259294,1.726576
2.481637965862092,4.45846
6.546804091769128,6.441523999999999
6.339351201283631,7.544824
4.394837779048214,3.5644599999999995
2.701951206445285,13.212268
5.907345476092951,7.454832
15.227565327715729,16.56036
4.0901586640537095,3.396027999999999
11.058524775346488,16.488072
9.0129291987537,22.190096
2.7550077729496,0.8643919999999997
5.2482849798095295,32.199527999999994
3.9647633372472137,0.9063039999999998
12.878438278322683,15.232803999999996
2.938989446844324,0.926224
1.7168109334326704,2.608636
12.439658346738888,29.609767999999995
7.489245132378178,3.1976559999999994
9.97636328486555,17.068168
20.97159012242703,16.477027999999997
11.036386131111083,16.512403999999997
5.872112593152012,19.934068
7.487670348662218,20.081596
2.395002526928096,4.250687999999999
6.874261925618346,17.428884
7.047351028388045,18.36718
3.74335759281297,5.108208
16.71843243801854,21.932255999999995
4.246579467114148,7.485452
2.6365700971853423,3.109856
12.785181927893165,19.273612
3.090382294957167,3.134844
3.7999149159866334,10.036128
11.08387216438435,14.781871999999998
28.23282220594198,27.917672
8.53495170556996,21.69473199999999
7.657486197391176,17.728563999999995
0.9978049991354848,8.635996
3.879621012974946,2.387276
11.740144100437014,16.371992
6.404711454796255,19.565096
4.230807492861223,0.7684879999999998
5.82072557332717,14.604659999999996
4.35671903794363,11.592503999999998
4.916731442083779,15.791963999999997
5.341056433812128,29.987036
2.3788203034791437,12.143812
0.3300401385898377,1.088704
3.5425436232929703,6.517424
15.981917326489828,22.607036
11.393676119709871,20.560055999999992
15.877738706399622,15.784108
5.564228610113914,24.026716
16.15593537471073,20.147360000000003
39.11184569929269,16.010136
3.8456047286117,2.8547799999999994
2.554047865834046,3.26378
16.31031008242442,16.29834
3.874504849109898,19.135392
2.788547670471813,5.107099999999998
2.83256509068889,2.980187999999999
14.006238319562422,18.310332
4.888147338271391,15.791352
7.201007616127043,13.528811999999997
8.203694551365656,23.25382
3.402112831671111,6.743499999999998
13.41925635994951,22.89394
3.1848382804840103,16.044572
0.7405523636858531,1.142068
28.31868110425078,28.117108
15.573910381248783,16.552448
31.26302931815995,28.635592
9.165044096482475,25.419944
0.7616627740354991,0.9142399999999998
1.342311523731138,25.297404
7.733768337103051,21.985392
4.706399850285613,1.178584
3.625114660769431,12.401699999999998
19.778467983729826,25.596072
6.299392361972785,20.609168
6.516428271492223,13.640484
11.085928688305492,15.856955999999998
0.3412850062137957,6.423435999999998
7.865575472809239,17.577131999999995
2.2932359150672577,5.933636
6.215308233637398,19.94272
3.847277175757367,0.432848
7.037239682811493,17.722628
3.494722280249172,1.915808
4.5975050284128125,17.659244
5.963113517725355,16.742303999999997
25.138126187739843,25.508924
2.01258019901326,5.142732
3.71080333289561,12.558355999999998
19.223317958835747,24.064975999999994
6.140712861803923,10.766676
3.061725030461064,14.015028
3.3934251194486174,6.399503999999999
8.255706770671257,4.486096
3.499719813626774,6.048419999999998
3.6219898708400713,5.919803999999999
9.650133151878194,25.36448
6.901638756012105,14.858563999999998
8.205451018791823,18.826463999999994
15.881866602283903,16.037755999999995
8.967384931310242,14.220423999999996
2.2594340518474434,2.110868
5.085465432462174,15.948048
6.028719704524328,16.322139999999997
2.5594417999025616,0.829548
0.6149656828241887,7.229223999999999
5.595633655729342,12.712583999999996
8.481646934168705,9.928371999999998
3.1503392234177072,18.593868
4.568179324684918,6.6074639999999984
7.588435320635063,8.912227999999997
5.454923418324777,19.256211999999994
39.52215823285388,16.021927999999996
3.3297010866901333,2.653263999999999
12.498432002843078,30.853172
2.036771133993666,0.8525759999999998
9.430969649354129,25.54682
2.29100908965213,2.07332
5.478901694854083,17.562427999999997
9.959098715231155,24.173231999999995
2.583639644016194,5.081992
6.464557870772753,17.815991999999998
14.459781615424644,18.430668
5.5943850638677945,12.582271999999998
3.741077981461574,12.947739999999998
5.2456141049072285,6.352359999999998
7.341706315551223,6.452087999999999
7.509795839989334,11.88578
6.858460065474143,17.151643999999997
4.345707892568679,19.872664
5.9549639999650354,13.337816
4.791521419270473,14.949735999999998
9.142319476507035,21.202784
1.5737622266181104,2.128368
6.857413077550898,7.770639999999998
31.45767297612089,28.54822
5.437368900612517,17.241255999999993
6.590154651068241,19.7959
4.566292085559047,4.492191999999999
4.744794025995422,7.754587999999999
0.9044671219784526,9.180672
4.004563234605142,19.634592
5.703018906806485,17.327056
5.144184669856625,9.537532
7.595080481066224,11.922656
10.348195138375685,17.179336
2.6243463052741056,5.021895999999999
8.117916214620479,16.10646
4.9962569675529815,20.826831999999992
1.6774348809310826,2.94784
7.373936125567294,13.249787999999995
5.609567030466067,18.633216
11.680065172293553,16.919271999999992
1.6782687418590827,0.5032519999999999
28.83694815799765,26.96478799999999
8.178454703059181,20.316099999999995
8.865705008863216,14.430044
5.745966283398553,22.262671999999995
6.131921904507397,19.861775999999995
0.6722904188587799,2.1082399999999994
5.843112338383796,5.703431999999999
8.97866779456865,16.200995999999996
3.6879035273518177,10.213755999999998
4.993711504056239,6.273952
2.5008644532890463,5.094484
4.848344344240303,11.671728
3.070079965368165,7.402063999999998
5.354566379982059,6.300392
6.727947494306947,19.18198
9.376122142461346,19.65496
5.308749080617639,30.23367199999999
2.0276959339925598,3.142548
4.097844211979392,12.198207999999996
2.313570303829703,7.772499999999999
1.1884586009630276,2.04642
4.6401111882804,11.15472
4.541807395519402,30.006256
3.370468855287712,7.193607999999999
2.703615932153684,13.112815999999995
4.748125408844113,15.116412
1.6114677658491026,3.025468
4.915764781838951,12.686851999999998
4.388443144665857,17.58298
1.1289880914842447,0.7640959999999998
3.5562039483280268,4.338308
1.1577566717574983,2.103076
3.80270463120557,14.848995999999998
8.406738143100558,22.769455999999995
6.780585993520631,14.910367999999998
7.724725816831848,10.116599999999998
11.571818454912211,24.36324
8.042441619523034,13.332636
8.544676891574795,21.63544
11.855560690192132,22.798739999999995
10.983603072485048,28.143532
1.1046712869953303,6.371484
3.096502744731553,0.7425879999999998
6.590275795577003,19.955796
7.034148419626397,17.230587999999997
17.199385423095556,17.452119999999997
1.103476827601864,6.125079999999999
1.5778926987415298,1.2797759999999998
8.751275503603203,18.835208
3.5438442989156567,0.9963079999999996
1.0793622496994075,0.8783519999999999
3.520713906660822,1.0914999999999997
2.533193763995656,4.899903999999999
8.955864478831167,23.370176
2.6214433343471377,6.917799999999999
25.052391649365383,25.485804
6.608026547018207,16.217728
1.8186588012572396,0.520316
11.571009294677271,24.12013599999999
7.063512637350622,17.181059999999995
4.61070457558294,18.662412
11.054306561813949,16.552768
25.576756988178,22.998708
9.992682352496768,16.470923999999997
3.914454147662236,2.27932
10.558720428505538,26.402464
11.03611274208768,16.366628
3.112375062974872,2.241444
15.649725283801416,16.246363999999996
15.208236765872408,21.909991999999995
3.603551753825416,1.3805199999999995
5.524231971136251,18.621408
2.507473921681189,4.875087999999999
15.84388781908244,15.760399999999995
7.071661487631218,24.044824
6.084521953229037,10.478324
11.41766458336609,18.045971999999995
12.413034187083197,30.805264
1.0456607458471934,9.251939999999998
8.398897469584943,18.66418
5.516039949314283,19.422592
8.048368549344833,10.001091999999996
9.998378887690352,16.312791999999998
11.484218284486737,24.385743999999995
5.435695127464656,17.315376
10.517703704530197,17.695348
7.781993295379397,17.416011999999995
5.686776890784683,4.859735999999999
10.266986729815748,12.306923999999997
8.87092517000176,23.338008
9.843775707595958,25.190259999999995
11.375047172687598,16.078887999999996
8.05724212873394,15.799163999999996
2.378404610288721,6.484039999999999
13.041873276834508,22.78754
3.83620065381937,1.2236239999999998
4.695439797859451,14.869127999999998
15.343123042246964,28.735788
3.89101709292868,2.416056
16.666448009924444,20.3495
11.988680522049703,15.818519999999998
4.795926016050864,15.880915999999996
5.999914876289078,16.979387999999997
7.29729334865989,20.040756
26.12605898199474,24.176484
0.4260560454840769,0.769488
6.246736484258552,15.314947999999998
5.082977180215913,15.909467999999997
6.442677279591359,16.689176
5.646740051158104,17.562811999999997
4.486454815456679,11.601616
6.464929294719594,17.934967999999998
3.4978450946416144,7.013807999999998
0.8200726636355862,0.8478359999999998
11.106793220689742,24.097159999999995
22.414424031054395,20.720048
12.127017967890742,15.825347999999998
2.707890820389106,1.2675679999999996
12.050146953805408,21.440135999999992
6.779830834728314,6.936003999999999
2.5033885297039866,10.277672
6.805511541145673,19.172196
2.977797358913503,18.781208
0.9563810729716398,0.8552799999999998
11.571707599790653,24.221456
9.981440229452977,11.707375999999998
3.629357364323819,0.8729399999999997
1.8156654350583263,2.106252
8.75027664458997,18.820576
2.5295224948341453,19.440644
2.409970211624815,4.463756
8.824685368760282,0.949852
3.474334211939336,7.058447999999999
4.190823315250856,15.863791999999998
2.8267351233804288,2.5881039999999995
7.297582493621537,20.084676
0.5247786167729898,7.338851999999999
1.0023953105376346,8.607687999999998
15.264726837567924,21.090068
4.076474369864362,6.940387999999999
7.583738445400536,28.97754
17.196045160309627,17.397095999999998
2.431990882514341,1.6736719999999998
15.72657989590882,21.895976
5.230168656307594,0.7751359999999998
1.7280275982053084,1.659884
7.724522107552952,10.128208
9.355132878932826,19.61412
1.8497112910549385,2.434772
6.589166907059809,8.253451999999998
2.704630193359452,13.022187999999996
4.987510751473136,24.71801599999999
4.861967868754967,6.181611999999999
6.318962106999814,10.910463999999996
6.141824064068862,10.749952
1.683942030838823,0.8008919999999998
9.142477580271237,21.201112
9.300128265486858,17.025459999999995
10.973583351362468,16.851864
6.4396470088613205,7.280736
23.147585902039207,28.94914
3.1124569462472413,9.356604
0.7364725954052238,0.8389999999999999
10.165084308372036,24.378135999999994
3.375824061873006,16.676447999999997
5.867133814560745,5.839832
9.21678688702676,16.949063999999996
3.647961788617974,1.4025759999999996
4.220803416930563,3.84934
7.473595156315008,16.439895999999997
5.023022221165262,20.923136
19.87392347069573,13.817472
7.212960934898932,19.72652
9.602115005713625,19.021068
2.708322705432148,0.9879999999999998
11.964289171791783,21.47984
9.346365584026897,16.200384
3.5415768360628563,10.505443999999995
3.9591095539627874,19.072023999999992
15.434186166847615,16.583403999999998
1.5054415821886922,4.148695999999999
10.586474792758684,24.041024
10.390037121555675,15.694315999999995
5.649473822208563,17.431835999999993
15.176802996459845,21.064143999999995
14.501215904804267,21.764148
17.89787239067778,29.697123999999995
2.129831177881476,6.123883999999999
2.139237802532536,1.1220799999999995
15.43388228708523,16.586592
9.900024844600637,26.049536
2.3853815681974773,0.508504
7.618767217335538,10.365028
13.333810683072508,23.766876
3.1144968961778243,8.747259999999999
2.8719867670994725,13.46432
4.864055143684598,22.02466
8.17991534408781,20.332196
9.256566700842589,16.907067999999995
11.894814934152194,11.38832
20.96781394180937,27.363888
7.342624443636619,6.413192
7.1476227125560525,17.131812
4.698473855245441,24.866792
6.463098475880827,20.351928
8.96343301750761,20.612372
2.4515916637339794,3.120388
2.7901262769740267,13.178292
3.5128316386730245,2.432112
10.444943377552814,22.64402
4.441016327731142,20.014924
19.90080586239415,13.82596
0.8347107502758133,1.7163839999999997
2.024515669309422,2.266652
11.954177034263935,16.2334
12.65191220636128,21.079328
15.926935736957477,15.737139999999997
9.597630360390326,22.574968
3.88723373982266,16.697152
4.291896825661688,9.153844
7.924584623838884,17.495075999999994
12.901639462978988,22.055367999999994
28.731211733130337,26.901504
7.906300210772001,17.360456
7.351903440879254,8.899108
15.317509237159747,16.549871999999993
1.2395469370443912,12.654524
7.647776605244475,21.857288
8.618476722650993,15.467508
8.42138651638114,18.675364
8.595918086632285,10.648951999999998
2.060507826016856,2.2013679999999995
4.703349678959266,22.279264
7.868739062035265,8.955216
3.461237735790196,10.458007999999998
7.47947841300226,4.813999999999999
10.26816096634474,12.392371999999998
1.545240873493587,3.7802279999999993
0.8200382177388406,0.8652239999999999
3.554271709063147,4.764199999999999
6.581783221938399,9.848952
5.627387379618611,24.247927999999995
5.975765302016444,15.297943999999998
4.093342490665934,6.973427999999998
20.883637721812853,15.79624
6.59019229320279,19.826832
11.867863162576572,16.588744
11.581173211222598,16.889547999999998
4.624016757937186,18.767175999999992
7.097066279842542,19.08118
11.979613366434045,11.264927999999998
6.23619808281342,6.690579999999999
2.618255825775642,5.056611999999999
14.81541431337379,27.908988
10.772215388211196,17.683463999999994
1.1908449953743103,6.877192
3.3835726837117868,15.335967999999998
8.11814741384899,17.020319999999995
4.459121286609866,19.982996
2.1000918857980877,0.5847599999999998
17.283772160316364,17.407776
4.815473820135937,10.681916
20.414109770881165,13.815467999999996
8.512181555977275,23.636648
2.320873316014983,4.552163999999999
2.1611547206915693,3.190848
10.04597659003285,24.136432
7.387070644179749,16.339335999999996
7.138784805813654,17.153032
17.792029027429905,29.40599999999999
8.63001138473611,21.652383999999994
6.874713624339979,8.519511999999999
6.381400465113512,20.633112
4.972937215546997,6.288591999999999
9.4687962272199,17.248435999999998
10.646010097315123,26.396339999999995
5.842469769571748,5.774664
19.07384547211964,19.825764
9.126665770419988,14.402559999999996
4.274583190057114,8.650379999999998
1.3217060445229567,25.246512
2.7893242972048613,5.090795999999999
2.125840837810125,6.092179999999999
3.797983101381928,8.58576
10.757186686989096,17.809424
8.022567471079299,20.054344
4.885605095453863,15.797607999999997
7.182839676030874,19.061324
2.5854648342488824,0.4925999999999999
